,Fold num #0,Fold num #1,Fold num #2,Fold num #3,Fold num #4,Mean,Std Dev
0,94.73684210526315,93.56725146198829,94.73684210526315,94.73684210526315,95.32163742690058,94.61988304093568,0.572980056791389
