,Fold num #0,Fold num #1,Fold num #2,Fold num #3,Fold num #4,Mean,Std Dev
0,0.5676855895196506,0.39301310043668125,1.0788594913948113,0.33393269971744155,0.4392499357821732,0.5625481633701516,0.2693746095330314
